title,link
Как сделать фундамент для бани-бочки?,https://chelyabinsk.bani.ru.com/poleznye-statiy/kak-sdelat-fundament-dlya-bani-bochki/
Печь в бане-бочке: печь с топкой через перегородку или на улицу — плюсы и минусы,https://chelyabinsk.bani.ru.com/poleznye-statiy/pech-v-bane-bochke-varianty-raspolozheniya/
Правила эксплуатации бань-бочек,https://chelyabinsk.bani.ru.com/poleznye-statiy/pravila-ekspluatacii-bani-bochki-kak-prodlit-srok-sluzhby/
Что нужно знать при покупке?,https://chelyabinsk.bani.ru.com/poleznye-statiy/chto-nuzhno-znat-pri-pokupke-bani-bochki/
Эксплуатация бани-бочки зимой,https://chelyabinsk.bani.ru.com/poleznye-statiy/ekspluataciya-bani-bochki-zimoj/
Почему покупатели выбирают Бани-бочки?,https://chelyabinsk.bani.ru.com/poleznye-statiy/pochemu-pokupateli-vybirajut-bani-bochki/
Планировки и внутреннее устройство бань-бочек,https://chelyabinsk.bani.ru.com/poleznye-statiy/planirovki-i-vnutrennee-ustrojstvo-ban-bochek/
Выбор материала при производстве и отделке бани-бочки,https://chelyabinsk.bani.ru.com/poleznye-statiy/vybor-materiala-pri-proizvodstve-i-otdelke-bani-bochki/
"ТОП-15 причин, почему нужно выбирать бани Лукоморье",https://chelyabinsk.bani.ru.com/poleznye-statiy/pochemu-pokupateli-vybirajut-bani-lukomore/
Популярные дополнения к бане,https://chelyabinsk.bani.ru.com/poleznye-statiy/populyarnye-dopolneniya-k-bane/
Как топить баню-бочку?,https://chelyabinsk.bani.ru.com/poleznye-statiy/kak-topit-banju-bochku/
Как устроена баня-бочка?,https://chelyabinsk.bani.ru.com/poleznye-statiy/kak-ustroena-banya-bochka/
Как сделать баню-бочку своими руками?,https://chelyabinsk.bani.ru.com/poleznye-statiy/kak-sdelat-banju-bochku-svoimi-rukami/
Баня-бочка по финской технологии,https://chelyabinsk.bani.ru.com/poleznye-statiy/banya-bochka-po-finskoj-tehnologii/
Виды веников для бани и как правильно их запаривать?,https://chelyabinsk.bani.ru.com/poleznye-statiy/vidy-venikov-dlya-bani-i-kak-pravilno-ih-zaparivat/
Полезна ли баня для здоровья?,https://chelyabinsk.bani.ru.com/poleznye-statiy/polezna-li-banya-dlya-zdorovya/
Внешний вид бани: обработка и отделка,https://chelyabinsk.bani.ru.com/poleznye-statiy/vneshnij-vid-bani-obrabotka-i-otdelka/
Сборка бани бочки на участке,https://chelyabinsk.bani.ru.com/poleznye-statiy/sborka-bani-bochki-na-uchastke/
Финская и русская баня-бочка: в чем разница,https://chelyabinsk.bani.ru.com/poleznye-statiy/finskaya-i-russkaya-banya-v-chem-raznica/
"Баня-бочка из кедра или ели, что лучше?",https://chelyabinsk.bani.ru.com/poleznye-statiy/banya-bochka-iz-kedra-ili-eli/
Виды кровли для бани,https://chelyabinsk.bani.ru.com/poleznye-statiy/vidy-krovli-dlya-bani/
Какой должна быть влажность бруса при строительстве бани?,https://chelyabinsk.bani.ru.com/poleznye-statiy/kakoj-dolzhna-byt-vlazhnost-brusa-pri-stroitelstve-bani/
Печь для бани — какую выбрать?,https://chelyabinsk.bani.ru.com/poleznye-statiy/pech-dlya-bani/
Вагонка для отделки бани,https://chelyabinsk.bani.ru.com/poleznye-statiy/vagonka-dlya-otdelki-bani/
Преимущества деревянной бани,https://chelyabinsk.bani.ru.com/poleznye-statiy/derevyannye-bani/
Основные требования по эксплуатации бань,https://chelyabinsk.bani.ru.com/poleznye-statiy/osnovnye-trebovaniya-po-ekspluatacii-ban/
В чем разница между срощенной и обычной древесиной,https://chelyabinsk.bani.ru.com/poleznye-statiy/v-chem-raznica-mezhdu-sroshhennoj-i-obychnoj-drevesinoj/
Секреты создания легкого и приятного пара,https://chelyabinsk.bani.ru.com/kak-sozdat-legkij-i-priyatnyj-par-v-bane-bochke/
